<?xml version="1.0" encoding="UTF-8"?>
<jwnl_properties language="en">
  <version publisher="Princeton" number="3.1" language="en"/>
  <dictionary>
    <param name="dictionary_element_factory" 
      value="net.didion.jwnl.princeton.data.PrincetonWN17FileDictionaryElementFactory"/>
    <param name="file_manager" value="net.didion.jwnl.dictionary.file_manager.FileManagerImpl">
      <param name="file_type" value="net.didion.jwnl.princeton.file.PrincetonRandomAccessDictionaryFile"/>
      <param name="dictionary_path" value="/cs/home/sht2/Documents/dict/"/>
    </param>
  </dictionary>
  <resource/>
</jwnl_properties>